{"cameraMode":{"drawMode":0,"name":"Shaded","section":"Shading Mode"},"sceneLighting":true,"audioPlay":false,"sceneViewState":{"showFog":true,"showMaterialUpdate":true,"showSkybox":true,"showFlares":true,"showImageEffects":true,"showParticleSystems":true},"in2DMode":false,"pivot":{"x":-11.131726264953614,"y":-5.968685626983643,"z":13.59315013885498},"rotation":{"x":-0.27281248569488528,"y":0.5311372876167297,"z":-0.18568049371242524,"w":-0.7803782820701599},"size":16.506237030029298,"orthographic":false}