{"cameraMode":{"drawMode":0,"name":"Shaded","section":"Shading Mode"},"sceneLighting":true,"audioPlay":false,"sceneViewState":{"showFog":true,"showMaterialUpdate":false,"showSkybox":true,"showFlares":true,"showImageEffects":true,"showParticleSystems":true},"in2DMode":false,"pivot":{"x":5.371247291564941,"y":28.681406021118165,"z":-21.530561447143556},"rotation":{"x":-0.302177757024765,"y":0.06912381947040558,"z":-0.021979976445436479,"w":-0.9505001306533814},"size":10.0,"orthographic":false}